id,label
a402692f-7538-4820-89a4-202a94ea45d6,TRL-2.3-L1
9b297f60-dc0f-45a3-b8f7-797306c9f6f5,TRL-2.3-L2
823447a5-27c6-4f5b-936f-115619fb37bf,TRL-2.3-L3
5d571c85-93fc-437a-a6d7-f975e128078f,TRL-2.3-L4
b9dd8e3e-5b6a-4798-bb4c-8d9d2bbecbd7,TRL-4.4.1-R01
8cc790c7-32c4-4276-bf43-5d991efc1744,TRL-4.4.1-R02
686dd145-d81f-4450-97d3-040f251a96ab,TRL-4.4.1-R03
d139a624-8440-454e-b2b6-45d909254662,TRL-4.4.1-R04
e3b3e309-6f83-41a1-b5fd-bd3f122a3b15,TRL-4.4.1-R05
d91a1c6b-6e3a-4b06-ac88-482357710ebc,TRL-5.1.1.01
91f6b0cf-d43f-4d1d-8618-a355ae3426cb,TRL-5.1.1.02
33dbd572-f897-43d0-87e5-c682a7db672b,TRL-5.1.1.02
27dfe2a6-f25e-43a4-8a39-0c57888d8668,TRL-5.1.1.03
2abfe424-0cc7-41c1-94fd-9c6190fe05d8,TRL-5.1.1.04
2c46ae57-ebc8-439d-9a6b-db795aa27dc6,TRL-5.1.1.05
01e307b3-44bf-4e2e-9332-300608f36361,TRL-5.1.1.06
4128e2e0-ede9-48f6-b057-953507c9a158,TRL-5.1.1.07
ce2cc523-99ff-499f-9ce9-2dbe5bef52b5,TRL-5.1.1.08
297fa72d-35eb-4942-9cdf-51f6c051d97c,TRL-5.1.1.09
c8ba7254-d81c-4ccf-9cf9-a650319e16a2,TRL-5.1.1.10
01a893e8-c6d3-4d86-877d-5ceef0fade3d,TRL-5.1.1.11
2733bc21-55b9-43de-82bc-66989e7fb5ef,TRL-5.1.1.12
fed32c4e-c0ee-4452-87d8-c5e4bfb6e27b,TRL-5.1.1.13
11d37c1b-6e90-477d-bd92-e3983bfc8946,TRL-5.1.1.14
127d5bd3-1da7-4f45-8539-cedcd70308e9,TRL-5.1.1.15
a1b92936-ea02-49bf-9df7-c32c1610b51c,TRL-5.1.1.16
1611168d-1f96-481c-ba7b-558079cf0c64,TRL-5.1.1.17
d7169b3c-6084-4236-9237-eb64bbafc577,TRL-5.1.1.18
c1250f3b-25d6-43a5-a9c5-db1fef404668,TRL-5.1.1.19
d63609a3-cc92-4433-bc5f-1bc0969a8287,TRL-5.1.1.20
5f203d25-5ad3-4e4b-a09c-519d74332681,TRL-5.1.1.20
e1c3bea1-e6b9-4a38-b16f-7dcece694ea7,TRL-5.1.1.21
cd187a1a-efbb-411b-b470-b8d10e99810a,TRL-5.1.1.22
a2b31acf-6dda-46b4-badd-131c6690733f,TRL-5.1.1.23
d5884e08-a4e0-4136-ad1a-0882e7deac30,TRL-5.1.1.24
ffe38e4d-3b9c-499c-a9ff-90fe8c67d132,TRL-5.1.2.01
da289465-10af-4160-94fe-6564e3b4a3c8,TRL-5.1.2.02
54455d03-be66-4e35-a97b-298f2aebb30d,TRL-5.1.2.03
5cea467a-0cd3-4208-a55d-7840892f03de,TRL-5.1.2.04
dbe82ba8-8808-4673-834a-35bde5a0ce33,TRL-5.1.2.05
c586ec0f-96f9-49b9-b62c-d0197afc4c46,TRL-5.1.2.06
ed2a7720-4dbd-4ada-ae12-acc73320ef9d,TRL-5.1.2.07
b715dfa0-48f3-40c6-ae59-0e63ecfd3707,TRL-5.1.2.07
3d827ffd-ef63-429b-a5cd-d10854d02415,TRL-5.1.2.08
4a037625-d16a-4ad0-91c6-1a5ecb4388b3,TRL-5.1.2.09
0535b138-f847-4544-a046-3cf5f1d77997,TRL-5.1.2.10
505acd7b-514e-475b-a899-c752961cd133,TRL-5.1.2.11
d641c21d-a0e8-45e4-ac4b-f2a6c4f58332,TRL-5.1.2.12
1b0196b1-ba3d-44a2-a17b-92e079244ccf,TRL-5.1.2.13
66320adb-009b-4512-b1e8-4db94d09977b,TRL-5.1.2.14
25d16790-7aeb-48c2-a693-ec233fef50a9,TRL-5.1.2.15
d11f0583-f3fa-485e-8438-e9ad38fb89e4,TRL-5.1.2.16
b96e769c-436e-487c-8e37-20c64fed4f41,TRL-5.1.2.17
354416f3-9dc0-4b7f-a127-d03034ddb667,TRL-5.1.2.18
123d33b4-332c-412c-b721-d593fad31a22,TRL-5.1.2.19
a63425d4-21c7-4e6d-bfda-a668070b0781,TRL-5.1.2.20
9200645f-ffbd-4079-8a34-130d34eb4a65,TRL-5.1.2.21
ba47f459-c630-4e33-80a2-3f54d98c8ea4,TRL-5.1.2.22
727700ac-cf47-4674-9942-a391382f3a85,TRL-5.1.2.23
c359f07c-4f6c-45af-9871-386228737e8e,TRL-5.1.2.24
4466d50b-274a-4ee9-a70e-50ede851d3d2,TRL-5.1.2.25
0327a167-7332-4024-8a97-358d959dfb82,TRL-5.1.2.26
d9db5491-35bc-41be-b948-9247d6634f1e,TRL-5.1.2.27
fd6b6951-8b11-4db8-88e9-ddab439c9eb6,TRL-5.1.2.28
0e1a74b9-08b5-4eef-afb4-04133551a19b,TRL-5.1.2.29
a9d99659-2342-4dc6-89ec-6d4c9ef6d519,TRL-5.1.2.30
5d65d4bc-a209-499b-b461-dbb62076762b,TRL-5.2.1.01
874af762-8744-4c4b-9080-2200ddd45082,TRL-5.2.1.02
2ca5bd79-6c91-43c3-8fa3-358da2cf2525,TRL-5.2.1.03
82cbacb7-3466-46ce-a979-96f29cc8d47a,TRL-5.2.1.04
731711eb-c153-4f2c-b40e-b2f0d862156d,TRL-5.2.1.05
1394ef39-dcc2-41f1-b6f4-bbcb33560cf1,TRL-5.2.1.06
8105ee99-7ec3-4606-9c2d-1820566eac22,TRL-5.2.1.07
53bd0946-78a0-42e8-935c-9e1d83dd13ab,TRL-5.2.1.08
cd23c0c7-32d5-459d-879e-95e66dcab8b6,TRL-5.2.1.09
7eddf6dc-2d3f-4caa-b273-3e2c73a90962,TRL-5.2.1.10
5be5add6-a463-4f2f-af77-8c139ee8d929,TRL-5.2.1.11
ccdc7702-8e27-4eb2-b750-1ae109449e39,TRL-5.2.1.12
6c8f70c9-ed66-43ff-a2e5-fa2fd601eacc,TRL-5.2.1.13
ee6c7985-8521-463b-861a-fd5ac4a1062e,TRL-5.2.1.14
9fba4ea9-692c-45c6-a41d-1c794297db74,TRL-5.2.1.15
f0b18709-eb22-4e5c-9047-2990647a2437,TRL-5.2.1.16
a9c8ea2e-461a-40cc-827b-19cd60e2b03d,TRL-5.2.2.01
1b894e21-6d57-4321-9dc8-2c1bd1cffcef,TRL-5.2.2.02
e49c03d6-8d99-4441-a0cc-5906625a5b19,TRL-5.2.2.04
9bb687e8-f1c0-48e5-9d62-b9cee853d43d,TRL-5.2.2.05
198268eb-1d10-47db-9545-73dc4fb6f046,TRL-5.3.1.01
c718304e-f4f6-459a-9fe4-08e3047e6879,TRL-5.3.1.02
dbdb1835-b959-4222-97e1-947b8cb52436,TRL-5.3.1.03
d0b1f203-f89d-4612-b1fc-2b6bf0ef9960,TRL-5.3.1.04
11b68e34-8a21-4a6c-a767-5dacb6642244,TRL-5.3.1.05
6fc54bbd-05e3-450a-b42c-43b6f5cad030,TRL-5.3.1.06
bec8fef1-8ed2-4686-a160-a2c9d2474062,TRL-5.3.1.07
9741aa07-d60f-495f-b4d9-ffac32acb3f9,TRL-5.3.1.08
1b47317c-590d-444f-bbd2-61219a8556ae,TRL-5.3.1.09
fc3732fb-8ce2-4959-89db-301d31aa4d67,TRL-5.3.1.10
b174201f-4fcf-41d9-8bd0-c4c29ae84e10,TRL-5.3.1.11
c504631c-3850-4f4b-a958-e30b8f9ccf6b,TRL-5.3.1.12
b49dd756-eb8c-47cc-9468-083292dbec9f,TRL-5.3.1.13
114b93c1-ea07-446d-b293-02233973e89f,TRL-5.3.1.14
c55d4d92-27ac-4416-9f72-84f2fba7b75e,TRL-5.3.1.15
c2130bc4-8d1e-48b8-bf47-6a16faf94dcc,TRL-5.3.1.16
30ca95da-7bc1-48b8-82d1-0b965ae04291,TRL-5.3.1.17
ced54c57-88e7-4786-b94f-572f0a4e0ce0,TRL-5.3.1.18
728d7691-49c8-422f-b616-f1034741a2bd,TRL-5.3.1.19
6e612c9d-77be-48da-a47a-e5c009e0c3c0,TRL-5.3.1.20
fb1cb489-b6c3-487f-867e-4c8b8066ae98,TRL-5.3.1.21
9e0e781d-2d1f-407d-bafa-890e0897726e,TRL-5.3.1.22
fd90fc2c-d5a8-47d3-b9f8-24b1a49fdffc,TRL-5.3.1.23
a7ac6bcb-4a55-42c9-b960-e8513e3a2658,TRL-5.3.2.01
fb307790-afac-4395-87c4-7d036b599018,TRL-5.3.2.02
1876a98a-4c28-42e3-a1d0-01b14b542a7d,TRL-5.3.2.03
799ad015-0f93-4eb9-a6a9-6970cc0207a0,TRL-5.3.2.04
04ebb752-9d4f-4c9f-9ee3-f12507dd2f05,TRL-5.3.2.06
df8bdc76-4c49-4418-a9f4-8ae4ca1b1d84,TRL-5.3.2.07
2b792b12-21a1-48e8-97f9-3809f052c9fa,TRL-5.3.2.08
06cc84fa-531c-4642-8edb-130a60cc6958,TRL-5.3.2.09
89b99f67-05ec-4bca-b627-dac6ddbf4494,TRL-5.3.2.10
d6f00765-defb-48f5-b576-e39810b2b6d2,TRL-5.3.2.11
75651e83-f223-4533-a283-54bbf061c744,TRL-5.3.2.12
15a80e89-5b5c-4618-8bf1-d99012c8f447,TRL-5.3.2.13
df06f61e-9bed-4d56-ad01-938243976ae9,TRL-5.3.2.14
e09996a7-b76e-4f26-8257-f919d18abf45,TRL-5.3.2.15
7831ba45-50e6-43d6-bde9-5e79a6ad5347,TRL-5.3.2.16
a34180db-0b22-49f7-861f-e9bd78b68ab7,TRL-5.3.2.17
a7802e60-19b5-459a-9026-6a571fd93174,TRL-5.4.1-L01
12c78673-adc2-4080-b7a9-801b0c22f750,TRL-5.4.1-L02
2352b1fb-1dcd-4682-8051-a6347826b25c,TRL-5.4.1-L03
0f843eb5-a756-431a-b07b-51e06405ac3f,TRL-5.4.1-L04
4f8e0b3d-45f9-477b-9129-b9fa0ebbabd6,TRL-5.4.1-L05
a4463cc0-3779-4712-bdac-429276e06221,TRL-5.4.1-L06
4c90a5b3-a212-4996-a7a8-622670ba1680,TRL-5.4.1-L07
ce1881de-e651-4b40-80d2-bcca32903d5e,TRL-5.4.1-L08
791c232c-20c0-46e3-88f8-84b42887ce13,TRL-5.4.1-L08
e604bd5d-b394-49e8-abba-6dfc788791ba,TRL-5.4.1-L08
0badbb08-ae79-40c5-83c4-4adeb5dd1908,TRL-5.4.1-L08
bb6bfdf1-64eb-4774-9bc0-09fb0cc8c196,TRL-5.4.1-L08
1bb1f3de-47aa-4968-ae38-2e05db64b106,TRL-5.4.1-L08
ee42c10a-cb07-41f3-ba2c-4f5283b77fff,TRL-5.4.1-L08
87808ab9-e74b-40e0-a08a-f13d90159415,TRL-5.4.1-L08
8e9b90a7-8218-4c1e-98b5-febeadfcc71c,TRL-5.4.1-L08
52103ecd-3569-4f07-9df6-b82b833e76fe,TRL-5.4.1-L08
ad75d48e-65f7-4d69-b0be-4302d5531173,TRL-5.4.1-L09
9264d535-91c5-4d3c-9d87-6b8554cb486d,TRL-5.4.1-L10
7a94db6d-97ff-413e-a95b-f8453afdfcfc,TRL-5.4.1-L11
bc6fe38f-29c0-4615-9717-670c6d404c05,TRL-5.4.1-R01
b01f6854-1efe-433c-9198-43ffb976f8c9,TRL-5.4.1-R01
3da30057-b734-444b-a9b9-70348fae5dd3,TRL-5.4.1-R02
9cc9e3ce-0d0c-476e-ae46-faa7934a9dea,TRL-5.4.1-R03
d02bb1d9-8284-4849-82e3-4d9e0d384554,TRL-5.4.1-R04
015df78d-1357-4113-a15f-5e4199b1b10b,TRL-5.4.1-R05
f66f078e-7329-4ce8-a03b-3b1d3ccb25e5,TRL-5.4.1-R05
04d3f4e2-a179-406f-bab0-0c305150bfd7,TRL-5.4.1-R05
0d035503-6f87-4a12-a792-9741d47f0aae,TRL-5.4.1-R05
c8a19d0e-c80a-4146-9b4f-e8248a24e0cf,TRL-5.4.2-L01
d3e0dbf4-61b0-42ce-b2aa-ce456f6b03f1,TRL-5.4.2-L02
ad30b788-0b74-4864-83da-e6f720cc302a,TRL-5.4.2-L03
24e97c64-736d-414d-8b58-b0bb2e70d680,TRL-5.4.2-L03
933409bb-fe73-4aee-94d6-7e2e8edcfcbe,TRL-5.4.2-L04
8cfd4714-3fd5-4d81-aeb2-63894c89d74c,TRL-5.4.2-L05
a664bc93-04a7-4310-b70c-b6380476b8d4,TRL-5.4.2-L06
62a87c44-716a-4169-a504-c4e6ba5a1c9a,TRL-5.4.2-L07
e9b93122-2788-44fa-b345-e7187775e91c,TRL-5.4.2-L08
a198655f-4b80-410e-a98e-53a6759b3891,TRL-5.4.2-L09
bb90bd3f-e341-4ea4-a49e-e75f5450d1f2,TRL-5.4.2-L10
c2ba5414-d930-4f2a-a9b3-4da476d36ca9,TRL-5.4.2-L11
cd6c029e-a5e6-4e0d-9073-9a743cc9dc75,TRL-5.4.2-L12
10693c5e-a127-4cab-b9a1-84b59513b6ee,TRL-5.4.2-L12
5a506a86-66ac-4691-99eb-18bd2b460520,TRL-5.4.2-L13
0745a866-eecd-4aeb-8416-6e73a68fa472,TRL-5.4.2-L14
73012223-e7c7-465b-8e05-a63f96145e2e,TRL-6.1.3
b3ea8568-4e29-47f4-bfc9-f1ab65362f00,TRL-6.1.3
45e36b02-dcca-4a73-97fd-2c0e8a9a3bbe,TRL-6.1.3
1edae15d-cd4e-408e-9b99-db9f2f664724,TRL-6.1.4
a6b4799f-e778-4b41-b661-37b993257dd9,TRL-6.1.4
c97ad7ff-3d51-48cc-a97a-116165ba3d5e,TRL-6.1.4
dcc16674-bd6a-420a-8ce8-462d42c04990,TRL-6.1.4
1f5c2b7d-a248-4537-8d70-af1a3e7fd428,TRL-6.1.4
2502b1e4-1528-456c-8f9c-cc64f7c2a7a5,TRL-6.1.4
5be7571f-ba9e-47a7-93cf-ca2fa87ee794,TRL-6.1.4
b2572ce4-4ac1-4a6b-9097-7b9cec03b5a4,TRL-6.1.4
5f251261-6b4b-474a-9a22-8fa6b1468f65,TRL-6.1.4
79277cdf-0366-4b11-b217-3f8437743c68,TRL-6.1.5
66c58a70-9663-49c6-8d30-2f967ec22507,TRL-6.1.5
3c2e10ab-2533-40c0-ba80-7b5b80621f49,TRL-6.1.5
db3a5463-2a3b-4683-8f26-5312bb5a232b,TRL-6.1.5
0333d799-a4dd-483a-83fd-8ea2c459611d,TRL-6.1.5
7ce71aa8-736b-4bdd-9079-1107e2f0e5dd,TRL-6.1.5
fa4289f7-66bc-44c1-9404-5bd027876dd1,TRL-6.1.5
1c66faa3-7009-4749-bb29-3f9ea2122913,TRL-6.1.5
b7bde476-4427-4f01-b463-c231c93a65af,TRL-6.1.5
81d74878-dd7c-40f8-afdf-73257da193a4,TRL-6.1.5
2815195c-74ea-46ec-a77a-d331c678caef,TRL-6.1.5
febdd25d-3d92-4856-982f-f6e6803e1f2f,TRL-6.1.5
d365fe2d-27a5-4690-9c69-79f7a4b45f7e,TRL-6.1.5
56576e05-4b19-4b36-9dc8-9562c33bb46b,TRL-6.1.5
219c3e02-bd66-4a1d-a009-df4022208128,TRL-6.1.6
4d764de0-390c-440f-9973-0d33bbccdb6f,TRL-6.1.6
19471753-163e-4557-ad62-42ec4561564e,TRL-6.1.6
05cf6c85-9ce3-43a2-b910-8360ff164445,TRL-6.1.6
eb722296-b515-48c3-8e7c-f55fd17bb5a0,TRL-6.1.6
997721ed-851c-45ee-b08c-689953ff4155,TRL-6.1.6
77a00af4-aba7-439f-89c4-c54252d133c4,TRL-6.1.6
73986178-6d8d-4d9b-81a4-0e68bdc97570,TRL-6.1.6
a9a79b67-c933-4752-8221-a4213db6ff3d,TRL-6.1.6
cafa8f14-faeb-4416-9c2b-c275602654b9,TRL-6.1.6
fd3274ed-bbce-4940-9a2c-993b129209a4,TRL-6.1.6
5caa5dad-3572-45d2-aaf7-6af676433e10,TRL-6.1.6
d1b6ae1f-3a9e-4774-9851-fa08fadc03b6,TRL-6.1.6
9e22559a-f596-489c-aa38-e5105a6e68a6,TRL-6.1.6
8d9e4c5e-d0ed-4f6a-9c1d-0f798b5e54a3,TRL-6.1.6
dbc158df-19ba-4753-9bb8-7ed156a002a0,TRL-6.1.6
dbbb9dc0-b2f3-4621-beb4-1520b68d2fe5,TRL-6.1.6
4f27f10d-73f5-403c-8442-008617db63ba,TRL-6.1.7
72971fd7-5929-4732-b241-912ce9b88661,TRL-6.2.1
226d88c9-41b3-4bad-ae86-e02f736123ca,TRL-6.2.1
e37fedaf-5092-419e-a65c-290677e03cfd,TRL-6.2.1
8ae11f04-066f-4602-83c3-9f773ae19c24,TRL-6.2.1
ba58b531-24a8-4d3a-b34d-2f1f1ffcccbc,TRL-6.2.1
0eb1a66a-0cb5-4fe7-b4a8-6948a854ab77,TRL-6.2.1
df971bad-515b-4764-910a-43465280e82d,TRL-6.2.1
e2a95560-10cc-4605-b38d-9efc5e4fedbc,TRL-6.2.1
f4b97a70-b752-465b-8082-fb12a974cf98,TRL-6.2.1
77e77c2b-5a96-4e9f-997b-1f41387b41e8,TRL-6.2.1
7edefcd6-7bab-4489-8d64-c88cc0c86325,TRL-6.2.1
fbb0b1d5-0afa-4b68-8f3c-da0e8e8fcdf7,TRL-6.2.1
b6237cf1-0c8c-4172-ae0f-3316ddaa3e7b,TRL-6.2.1
a59d1287-2e4c-485b-a57e-1ad2cfa2cd9f,TRL-6.2.1
9aba73d8-14a8-4201-9456-9bc4d62d8751,TRL-6.2.1
7c29cac7-7fd3-4abc-9b26-b1434ab27ab5,TRL-6.2.1
d8feee7f-adb1-4ecf-ae67-88af07e49102,TRL-6.2.1
f243e9f7-8e8b-445d-8c47-66e96bfedcc1,TRL-6.2.1
7c30d32c-2102-412d-a22e-3959792d57ba,TRL-6.2.1
aa175ab1-d354-4253-a3b9-11662f25ed50,TRL-6.2.1
74e39966-d5dd-4ed4-9860-9ddf29c7fa70,TRL-6.2.1
fd7da8f1-605b-41e3-958e-ad5346e77a27,TRL-6.2.1
30a6e007-3509-491b-8373-b7673d3be348,TRL-6.2.1
d5e89643-63bc-4b81-bbb5-1d19fd5ce3c1,TRL-6.2.1
132226c9-e5ef-4b70-8d37-dd568f95d674,TRL-6.2.1
389ef5fd-07dd-48bf-8586-00b35e9c5d74,TRL-6.2.2.01
73bc7226-2798-457f-b16c-38f303bca2cd,TRL-6.2.2.02
7694bcbe-b825-4981-be63-19686d9e1797,TRL-6.2.2.03
f15e13ea-e31c-4095-8108-4f5edf341b8c,TRL-6.2.2.04
bd3e9e7c-e3e7-45b1-9b2d-2865d8eb570c,TRL-6.2.2.05
7f749d7b-a77a-45be-b219-b9d95879397a,TRL-6.2.2.06
8e1a24b4-1bf3-4185-b347-7d2af552ded6,TRL-6.2.2.07
9072d631-73e4-4d27-9bd2-7efee2b7dbd6,TRL-6.2.2.08
2567d666-e4c7-4d25-a513-649bf7ceb902,TRL-6.2.2.09
dca26d30-6921-4145-9f45-8eb7bc0a1932,TRL-6.2.2.10
b64f29e6-8353-469c-a211-5b1bade840dc,TRL-6.2.2.11
e5d13eaa-61fd-40e7-9fb8-b54668205433,TRL-6.2.2.12
3cea8934-c5b9-4daa-a4a4-b49de5326b66,TRL-6.2.2.13
217aef50-ab33-479f-817f-ee48cad7d647,TRL-6.2.2.14
de4e89d0-5f06-4a5a-987f-6cb85c586863,TRL-6.2.2.15
32a76e54-6110-4273-a428-e80833d8395e,TRL-6.2.2.16
39c918a7-3e84-4af7-b009-6835170ae746,TRL-6.2.2.17
71e5f320-5c4a-4543-9067-d5580569a463,TRL-6.2.2.18
d8373723-9ba6-4185-998c-51242d33c4e7,TRL-6.2.2.19
02fba09b-6b8e-47cc-b4f8-9aea199b1fd7,TRL-6.3.1.01
aed7661b-8632-4fb4-b284-b79f22aea7f8,TRL-6.3.1.02
3dbadc5f-1e5d-47d9-98da-a027febb56f9,TRL-6.3.1.03
20564625-c58e-42bc-8a7e-c9c2d9fb4d55,TRL-6.3.1.04
16d30590-bf0c-4e15-99af-2fc3e7c75b95,TRL-6.3.1.05
4de54d12-d110-4d0e-9aa7-ee0eda351c84,TRL-6.3.1.06
e280afa5-1792-4653-bad5-1366b87b01e7,TRL-6.3.1.07
26a5480c-e278-4cd8-a483-b45b7d1c8a0d,TRL-6.3.1.08
8c2cf088-647f-43a5-815c-ccc850b0ffe5,TRL-6.3.1.09
d66b11db-1046-4ae0-b5cb-28f24744e8ea,TRL-6.3.1.10
5240b798-937a-45b5-a1bb-833a479db20e,TRL-6.3.1.11
cbc84a41-11b3-439d-bea2-fa1f5ecf6622,TRL-6.3.1.12
0574c464-86da-4cda-9ba6-fe53c9db5078,TRL-6.3.1.13
db28485d-ea52-4b65-a919-d0187e1ee613,TRL-6.3.1.14
6e8f811b-4e96-4247-aad5-2e06727f3599,TRL-6.3.1.15
74572cbf-c832-4889-b391-9f0c6b17ecb2,TRL-6.3.1.16
ea374a72-3c30-4fbd-b7f5-861c83bc73f7,TRL-6.3.1.17
4c936aed-0e51-4d03-a718-830e4d665469,TRL-6.3.1.18
a2f1428b-ada1-4977-9f17-fc16a2b4a710,TRL-6.3.2.01
1714ebc3-04e7-47ce-b54f-112dbb7ba748,TRL-6.3.2.02
c50ae62e-9e77-4d2e-87f8-deaa65450cd0,TRL-6.3.2.03
1ddcc0b3-6543-460d-8522-649094e91203,TRL-6.3.2.04
03516798-d449-4bb4-816d-6b558aed73fb,TRL-6.3.2.05
0f6712fd-628d-4433-8f66-c7d78e47883b,TRL-6.3.2.06
0f311fac-68d5-420d-b135-d0b1a38d5e36,TRL-6.3.2.07
9c773ac7-4200-4b1c-9e36-b9412c67af41,TRL-6.3.2.08
f4969310-3f35-4dfa-b157-934cffe2d0f2,TRL-6.3.2.09
6b587da5-14c9-4dc3-9a16-c4d6df92b466,TRL-6.3.2.10
fe12c91f-b0d6-4708-b373-de3bc97255c9,TRL-6.3.2.11
c835d908-c0c5-4374-a0b3-f1ebd7ad0871,TRL-6.3.2.12
3206ccee-3d3d-4194-b119-6e8f96c91ef4,TRL-6.3.2.13
4e353291-e9db-4aaf-88f7-85f192afe094,TRL-6.3.2.14
00893fac-2f46-427d-b76c-aceee134d450,TRL-6.3.2.15
f0ed197b-963e-4dc7-8bb1-57fe66dbfe70,TRL-6.3.2.16
1931f73c-f9c6-491d-ac1a-77ae6c77a615,TRL-6.3.2.17
85effeb1-f12d-4396-9e15-c2e52103f716,TRL-6.3.2.18
02eeb0ae-266a-4f1c-94da-c9a9f37029b2,TRL-6.4.1-L01
86591419-10fc-4337-8820-362ff89be961,TRL-6.4.1-L02
c636833e-ce23-4654-b0fa-ad6e73568d45,TRL-6.4.1-L03
dbb4fab5-2c2e-45c4-9a06-a37d47ccb1f5,TRL-6.4.1-L04
194208af-b2f2-4939-8a54-8267be6c9581,TRL-6.4.1-L05
c5aa00fb-b48c-4803-95d5-4cf3e629e7d4,TRL-6.4.1-L06
e77a9c39-27d4-4e2a-9af6-41af2c56e43e,TRL-6.4.1-L07
82f4de19-2b02-43eb-929e-9a555a3a7775,TRL-6.4.1-L08
c51f9c6d-1533-4bdc-bb7b-e492662eec57,TRL-6.4.1-L09
1e7a8419-5224-4c3b-a665-cfcaf3be26ee,TRL-6.4.1-L10
53b2c82c-c941-4c9b-a196-0d25abdf7f4e,TRL-6.4.1-L11
d2b8acb0-54ab-4260-816f-dd41f2fda29e,TRL-6.4.1-L12
8d7a396f-ca72-463b-9b40-96e25ec27122,TRL-6.4.1-L13
8caae40f-17c2-44d4-ae42-b94e4f1abe0e,TRL-6.4.1-L14
70964f49-566b-43d2-b1fd-17bafb24d685,TRL-6.4.1-L15
c4e68ad3-c3d3-4e4b-b10c-462938fa8f3e,TRL-6.4.1-L16
2b2e7b1e-41f2-4b6e-a0c0-b3902dc03ee5,TRL-6.4.1-L17
9e55c68b-e7e3-412e-9e50-5e3740d8ae37,TRL-6.4.1-L17
41caee3d-1ed5-4385-b2a5-f092262a32fc,TRL-6.4.1-L17
5cfaa612-1d7e-440e-b5d9-c2afb4a6b199,TRL-6.4.1-L17
2580671e-74c5-4af2-8188-60ace4603124,TRL-6.4.1-L18
2d8863c3-ced7-4634-b84b-84abe51fc454,TRL-6.4.1-L18
c45f0109-7016-441f-8726-05649aa6cf97,TRL-6.4.1-L19
e26481c8-4919-443c-9539-8cbf4866a711,TRL-6.4.1-L20
ae74536e-059e-48b2-bf6d-3c487462b402,TRL-6.4.1-L20
39cab0f0-db45-4bc8-bad4-5a16a2ea3bad,TRL-6.4.1-L20
6f90db23-3cc0-4a4c-b619-3e0a00d6b89e,TRL-6.4.1-L20
be44a27b-7b31-4200-bb09-a2f6607b0564,TRL-6.4.1-L20
2693d984-56e3-4ec0-99d5-d60776d7aadd,TRL-6.4.1-L20
b41d3ddf-7a0b-4251-a9a5-634b51bb9ead,TRL-6.4.1-L20
7a0ede62-6b40-4fd0-80fd-7cf9fa23a796,TRL-6.4.1-L20
8b41b85d-d205-48e5-aaa9-8c7efc72f72c,TRL-6.4.1-L20
4c2a44b6-c57b-40be-9741-94d551bf39e6,TRL-6.4.1-R01
e9e80fda-8d3c-4d97-b0b1-63d1fbf8d173,TRL-6.4.1-R02
635bd2fa-1d73-49c1-9575-352cd1a9b9d8,TRL-6.4.1-R03
c4cab55a-3f5b-4098-a62b-b23d186d8c1a,TRL-6.4.1-R04
929af15e-5a18-4744-9e13-44f4c6219570,TRL-6.4.1-R05
619a1fcd-103f-497b-b48f-523d6e79a669,TRL-6.4.1-R06
98981c9d-6f7d-4f7e-9561-e771719af651,TRL-6.4.1-R07
e4eb0ce4-695a-4cc0-b923-6cd0f1e5c4ee,TRL-6.4.1-R07
c5bb2e0e-bcdc-4e26-80ba-bc68a5b6b32a,TRL-6.4.1-R07
1f41dfce-0c31-489d-be4c-2337fe7412f7,TRL-6.4.1-R07
30e47c98-ad79-4429-b718-227ffe4756f2,TRL-6.4.1-R08
9a72cd5c-d974-4b6d-8fb9-d84a1433af90,TRL-6.4.1-R09
2c7a6080-87dc-43aa-8da5-295784bf958c,TRL-6.4.1-R10
10ef8ba8-11a8-4852-b258-50e9adc5d294,TRL-6.4.1-R11
6636fd4d-bc46-42c1-b465-bcd5f03d4cb3,TRL-6.4.1-R12
e1248d8a-87ee-4b8b-94a2-3ca41d2b9eb5,TRL-6.4.1-R13
a95682bf-9cc4-4c16-aca7-524cb6344d4f,TRL-6.4.1-R14
3d275e67-d099-4c2c-bca3-5177b8cd00b0,TRL-6.4.1-R15
43f56e74-78fd-4b3b-bcc0-ab4c7914649c,TRL-6.4.2-L01
823adc1e-b2db-42bd-a493-23c8f7d30fc3,TRL-6.4.2-L02
504cce13-d413-4900-b900-8b3eec9f2f0e,TRL-6.4.2-L03
da488d7b-eb3e-4d89-83b0-e811f83772d4,TRL-6.4.2-L04
90aad211-c909-45e5-8d3f-0077930a0c54,TRL-6.4.2-L05
5b9cc7f9-d7d6-46e8-a3fc-0b2635b45e01,TRL-6.4.2-L06
71d5a1a6-6b18-4a83-ba0a-7c393c7e2489,TRL-6.4.2-L07
18314593-8e5c-482f-a675-8094fb590834,TRL-6.4.2-L08
87247174-b474-4f38-9afd-819105d9e74b,TRL-6.4.2-L09
95806273-3205-46dd-97d8-93ddd55a45b0,TRL-6.4.2-L10
6d4f0135-4569-4782-8474-58d33cf2c2c4,TRL-6.4.2-L11
50beaf02-fccf-4469-8ba7-f7d74f5b6286,TRL-6.4.2-L12
46cc97cf-8336-4569-8add-e3c1ce1957a7,TRL-6.4.2-L13
aa10ef81-f0fb-4f13-abde-17f5a0d92c1d,TRL-6.4.2-L14
98b4f946-3944-4c8f-9695-52de6808bc78,TRL-6.4.2-R01
b3eb2cde-8c6e-45eb-82e3-675a8aa96411,TRL-6.4.2-R02
7f9e59af-9bea-470c-8f06-cea4e7bed2cf,TRL-6.4.2-R04
35a4a152-298c-4754-a076-465eecabf820,TRL-6.4.2-R05
545350d9-a741-4ab8-8a79-b365eca1b794,TRL-6.4.2-R06
1f185914-82e1-4704-aaa5-179c4f48ad95,TRL-6.4.2-R07
7ca8a3a7-b070-4b08-b8b0-ab57f3b8ef0d,TRL-6.4.2-R08
9682ddee-6dfa-4214-b17c-dc7d1a8b57f7,TRL-6.4.2-R09
14a41fa9-55dc-4e40-be6b-ff8e97ea69cc,TRL-6.4.2-R10
03b9ec9e-16a6-4061-b3d1-0786fad15186,TRL-6.4.2-R11
8b541c7c-e5bb-4a1b-b662-13ef1d046f62,TRL-6.4.2-R12
adb29007-58c7-41cb-b425-71143675098f,TRL-6.4.2-R13
66148c53-c82c-4aad-8040-0c496cc2c70d,TRL-6.4.2-R17
7611184e-19c2-401a-94cb-4d41fb1b8ca5,TRL-6.4.2-R18
94c1407c-44f1-410d-8425-c78459f91990,TRL-6.5.1.01
248bd4e5-3214-49e6-93bc-5f438d8a0204,TRL-6.5.1.02
f2f7013f-6ef8-42a1-b316-ff0a1b9a08d1,TRL-6.5.1.03
0397c6e6-b924-410e-b7f6-e2d03c4ad586,TRL-6.5.1.04
1f04146f-e48d-46d8-bc60-c4d3e48b923f,TRL-6.5.1.05
e65b73b3-0eb9-4b0f-860e-da0833e00c17,TRL-6.5.1.06
3efa330a-ba63-4dad-b094-04ac3c44deaa,TRL-6.5.1.07
cb3299c1-40d9-461b-886b-fd7563483b8a,TRL-6.5.1.08
38c2db3f-098d-40fd-a1b0-742df0c263d3,TRL-6.5.1.09
cc592ee7-379e-43ff-8df4-223c3a1d4588,TRL-6.5.1.10
52c92ebd-324d-4d88-8dea-75da3b9df05c,TRL-6.5.1.11
90cc3413-1e68-4f3f-8756-13baed8ebd7c,TRL-6.5.1.12
f6896e89-233e-4e24-b230-4cbd847f447b,TRL-6.5.1.12
c7e61410-4c1b-4084-a9e3-cb295b013243,TRL-6.5.2.01
b6f8077c-7af5-4c3c-af9d-d1f6bd0587c3,TRL-6.5.2.10
fee6d7a6-6258-4efc-a0a1-b63add52ba51,TRL-6.5.2.11
d44435e5-5b3b-47ae-b535-0218ce476adc,TRL-6.5.2.12
4bf07a23-fded-4f55-b4f4-4f7e4cf34088,TRL-6.5.2.13
cdc83618-0b09-4009-81a9-e148e9707188,TRL-6.5.2.14
d230b01c-eeeb-476d-9690-827e6d43d4f7,TRL-6.5.2.15
6ee30fce-87de-4e0f-ac7a-7252e5d6b9f9,TRL-6.5.2.15
211f02cc-26c4-4134-8e93-5e1c2f3ec680,TRL-6.5.2.15
1d615a53-c338-4486-9c90-093c5640d83b,TRL-6.5.2.15
6f4bce25-4411-481f-9dfe-9ac24bcbb7dd,TRL-6.5.2.15
286b7386-be86-489d-9725-dc53df9e3298,TRL-6.5.2.15
6bf264cf-9b0e-4e83-86f5-9571c65e89d5,TRL-6.5.2.15
1040c7e5-4240-4021-9006-f9bb68804fb6,TRL-6.5.2.16
97fe464e-89f7-4436-b007-8fd2b4188f15,TRL-6.5.2.17
1da048b2-ff78-4769-91dd-4341f3b2cbbe,TRL-6.5.2.2
90657784-f1a5-45a8-b85a-db40818d9ecb,TRL-6.5.2.3
ac473833-9ca6-4cf8-bd7c-8b22f2153494,TRL-6.5.2.4
5fd77934-311d-4621-86f3-f4c4c4aa1a2d,TRL-6.5.2.5
7bf13efe-2136-49a9-b434-3128a29e05b6,TRL-6.5.2.6
3c94118a-4263-4b23-8d07-698f664b93f1,TRL-6.5.2.7
32fb6e63-e52e-4c49-8023-d336365a96e2,TRL-6.5.2.7
f660b07a-8fcc-40bb-865f-4918110e46e8,TRL-6.5.2.7
72a393f8-4072-4df0-9a8f-8eb7a0a2ae38,TRL-6.5.2.7
686b5328-8109-4f1b-a094-671b6f15b5e2,TRL-6.5.2.8
74b6e193-436e-4f80-abc0-025f4feb4f72,TRL-6.5.2.8
1c8ea8c0-87b1-4b4f-a01b-592aa2a096a8,TRL-6.5.2.9
897ea227-db5a-4669-a33c-c9ccb3f17558,TRL-7.1.20
b0cc65b9-9b68-42ae-8543-68eb2ef580a2,TRL-7.3.1.01
7c6afbdd-bd0e-45d4-a338-89bc2c41691b,TRL-7.3.1.02
b25917ad-9fbe-4898-b452-8c4c8d429f37,TRL-7.3.1.03
725bfb40-101a-4802-ab8c-f6fb259fcda3,TRL-7.3.1.04
ff3aff27-4500-4fd8-b158-1ed1897aae42,TRL-7.3.1.05
cb848774-f95c-4a61-9648-ce5572335e0b,TRL-7.3.1.06
1f1812a5-a409-42c3-b205-9b48913e0e15,TRL-7.3.1.07
fcc67c09-d679-4f34-b993-2c3eac63c5a4,TRL-7.3.1.08
928f45b2-52d4-4999-b126-2a7dcc1c008b,TRL-7.3.1.09
a2b7bb6b-fe05-4071-8b8d-a3ff5c7e2522,TRL-7.3.1.10
b82f23c2-e13f-4ae4-8ba4-d6b82e936fc9,TRL-7.3.1.11
2e91f1e9-9574-4b30-8cca-fa40b825b2fb,TRL-7.3.1.12
95074741-b606-4af8-8b36-a029374b88c4,TRL-7.3.1.13
fe0f8eb3-2d87-46be-bb9e-d1d6e3c57a68,TRL-7.3.1.14
dcae696c-fdc5-41dc-bacf-9fa5c5285b82,TRL-7.3.1.15
dea76fcd-3c21-4b9f-985d-3cce9554e8a5,TRL-7.3.1.16
a0cf4a0b-3265-42b4-942f-9b7f38f942da,TRL-7.3.1.17
7dc2fbd7-ae42-4d0e-8a46-8346c94518a9,TRL-7.3.1.18
9ed8c08d-daec-42ce-83d6-131a17d338fb,TRL-7.3.1.19
24292f80-f1a3-4699-a923-1717d76d0648,TRL-7.3.1.20
524a02cc-228c-4183-809b-b22bedb2776f,TRL-7.3.1.20
6c537447-ee77-40c2-8d65-9ba31153d4c8,TRL-7.3.1.21
87212e65-bc96-4375-867f-0c4e1cbaca3c,TRL-7.3.1.22
fb9fff90-e0e0-4eef-ba85-83d032b5eb1e,TRL-7.3.1.23
f74edf6d-f971-4601-834f-e58aa831369f,TRL-7.3.1.24
87b55ba5-5fe4-4ca7-bc3b-960bb0b823a4,TRL-7.3.1.25
43798406-d9a1-4f2f-82df-8fb0938c51f1,TRL-7.3.1.26
0a4b8c8b-9865-4d20-9cb5-e32938e7f318,TRL-7.3.1.27
d0fd4aea-84ec-4cc8-bf99-cea294f4bdbb,TRL-7.3.1.28
9bd36d44-a0ee-47b7-a16c-924e91de0e17,TRL-7.3.2.01
eb359acc-0174-4802-9f8d-3e154be036cd,TRL-7.3.2.02
3fed446c-4099-4994-8fc6-f1966c2c0861,TRL-7.3.2.03
3f6aef86-127a-4d55-89c0-fe07226b09da,TRL-7.3.2.04
7a6ce206-6118-40e4-87ce-33de1377d6b6,TRL-7.3.2.05
8525d262-ced4-4d7c-9111-1f71d8957aad,TRL-7.3.2.06
a016a7db-26fb-4754-9e3b-45ded5109a23,TRL-7.3.2.07
c7c5e6d9-57be-46aa-8b38-62eaf182684b,TRL-7.3.2.08
43a94f91-b5e3-44a6-b8fe-a3a9c33e070a,TRL-7.3.2.09
5c3a9122-8666-4b13-befc-fe5b4580f581,TRL-7.3.2.10
2dcfc2c4-923d-42d7-abee-f6b43b215bec,TRL-7.3.2.11
4274950c-babc-4753-946c-788056682da7,TRL-7.3.2.12
f9c2b20b-cccb-4e02-9008-e62afff7a4c5,TRL-7.3.2.13
036cb191-6406-4d05-98d9-1f666e607c10,TRL-7.3.2.14
fbf1cf73-ccd5-449f-b8f4-65a85be3b21d,TRL-7.3.2.15
6b6e3266-2920-4a68-8aeb-10106ff768a0,TRL-7.3.2.16
f2c98fcb-10b7-410c-a65d-5c44a3fb17f4,TRL-7.3.2.17
a5a36f51-4f53-4f0f-9099-771259b6028c,TRL-7.3.2.18
c25bc8e4-d23d-4647-a2bd-32fdde4db2e0,TRL-7.3.2.19
1b175605-3686-4d01-b638-1091c81ec9aa,TRL-7.3.2.20
7bc63ed4-1454-48de-99fd-6214678a405d,TRL-7.3.2.21
f229d2a9-80b4-40d8-985e-3a6b809acbe5,TRL-7.3.2.22
7dc4d56d-8034-4249-9b2b-c657a43e4b24,TRL-7.3.2.23
cc583866-668a-43fe-92aa-6a671e4bb9e2,TRL-7.3.2.24
00e3862e-f98e-4e7e-a701-fa74dcc93cb9,TRL-7.4.1.01
b7683481-85f4-4b62-a6e4-9a78de8ad8dd,TRL-7.4.1.02
0fa86c92-d73b-4695-b15e-e01c45e112c6,TRL-7.4.1.03
9e1f49bb-59ff-4dd5-b594-e2f026bebc52,TRL-7.4.1.04
c6d1e808-fb34-42e1-879e-2e0948b1397b,TRL-7.4.1.05
35121b7e-ed6e-4701-84a9-d5fc9136523f,TRL-7.4.1.06
625bdcc2-29c2-432b-b752-351d226d24cd,TRL-7.4.1.07
81ac9847-bc34-43df-95d6-7955a35bb8f5,TRL-7.4.1.08
13e20d10-b63f-4527-86ad-ce8350df3511,TRL-7.4.1.09
cf9d880a-9ef2-465f-9f03-552423a2e699,TRL-7.4.1.10
323e713a-11c5-4682-a850-1f6a596930e7,TRL-7.4.1.11
0f367fcd-9b31-4a28-af7c-7a4670196268,TRL-7.4.1.12
ab7927c1-969d-4f33-99fc-6399a2498894,TRL-7.4.1.13
eab07921-13c6-49d9-8941-9351807f76a2,TRL-7.4.2.01
9b4d65e1-c4bc-4b80-ae5f-585b4342c8a3,TRL-7.4.2.02
2e16d49b-4828-4007-a9aa-3ae309940eee,TRL-7.4.2.03
569fd21f-e42e-4472-96ee-165a824454b1,TRL-7.4.2.04
af64e8e5-9284-4e5e-8e7c-77ecc02fac04,TRL-7.4.2.05
b941c2a2-e9d6-4d78-befb-fb9f3b519a12,TRL-7.4.2.06
ba6de19c-760a-4c8b-8195-e0fd96783750,TRL-7.4.2.07
5019c728-3428-41c3-9f1c-ca14a27f8a85,TRL-7.4.2.08
28d40fea-22af-4d40-b713-0e73606295d6,TRL-7.4.2.09
bbbab0b0-db46-4087-bb4d-f6440cbe0fef,TRL-7.4.2.10
01eaf1c0-ade5-4b6c-b5f0-b55e1982be51,TRL-7.4.2.11
8de32aa9-c077-40e8-ac24-ba25fd27e674,TRL-7.4.2.12
14d4d2d5-bfe0-42f5-8efd-772ab34e32af,TRL-7.4.2.13
5849ae55-56e8-412c-84e0-87c8f4f38835,TRL-7.4.2.14
6b0b7e47-90c3-4616-ab3c-e2572188d518,TRL-7.4.2.15
4d724dfc-b0bb-47fb-8a8c-67337c8d68e5,TRL-7.4.2.16
2e51bbe6-150e-4f3f-a337-9cfb9e575823,TRL-7.4.2.17
4178960e-0538-4a15-aaf9-1aa46d2b0d9e,TRL-7.4.2.18
0f55c938-b6cd-4c59-9d0c-33bdd97f3c62,TRL-7.4.2.19
88bcb522-811d-4129-bfd2-8a42e863d27c,TRL-7.4.2.20
40454ade-c05c-45e3-a8f4-fcc12a8f8b6c,TRL-7.4.2.21
5b0e88be-1c45-4c94-8197-3afc17503193,TRL-7.4.2.22
4f3be853-2645-4727-ba27-e640431a7540,TRL-7.4.2.22
3bad44c9-198e-4633-a995-7bbabc207d24,TRL-7.4.2.23
9f388199-d485-4d15-a3c9-d4818297cf2b,TRL-7.4.2.24
8f606d08-d96f-45d6-b166-4b99e3f62232,TRL-7.4.2.25
3917c266-e6da-4ba2-85f4-9643b976a3f1,TRL-7.5.1.01
df95c383-960c-4179-a58b-850c06db3785,TRL-7.5.1.02
2ff2691c-bccd-47a3-b47d-7aba36d49807,TRL-7.5.1.03
48ce980c-9998-4645-bb05-a7c9f5dde584,TRL-7.5.1.04
937f3c18-2dab-4ba6-9086-16ba83031f6a,TRL-7.5.1.05
766d4768-7722-483a-8a5c-96e3a5b2005b,TRL-7.5.1.06
8c7287a1-1360-42c2-9460-ec7bdd39ab46,TRL-7.5.1.07
ac7ab8fe-1235-4d2d-aa36-e052bb1b48b4,TRL-7.5.1.08
29160aa5-c359-4990-9a7c-e3a7f9881cd6,TRL-7.5.1.09
94a8a9dc-a029-4993-90e0-1877d0591f9e,TRL-7.5.1.10
a9fe3a04-efcf-4c1a-abef-c3555d31cdeb,TRL-7.5.1.11
56727b64-56ce-4b83-81b2-68fd9fed375e,TRL-7.5.1.12
46ba73ec-257d-4c21-91ab-3a7ef85f561d,TRL-7.5.1.13
e8b58cfd-ccd4-4533-956f-68eb806a7850,TRL-7.5.1.14
45474770-3940-40d8-9056-01cb6d1b8001,TRL-7.5.1.15
81db8f58-7138-468b-a8b6-18879cdfba7f,TRL-7.5.1.15
3be7164a-431e-420e-998a-abf44ceacf0d,TRL-7.5.1.15
5f56070f-8a04-47f6-9399-899d219654b7,TRL-7.5.1.15
6b37e52a-6d56-4709-bda2-0b841060f68a,TRL-7.5.1.15
f7df242f-b1df-44d7-ac04-5b07704dab84,TRL-7.5.1.15
f820cef5-05ad-4c51-84ef-33ea2aca06d5,TRL-7.5.1.15
c8851dcd-159b-4ba6-b33f-d47395823f75,TRL-7.5.1.15
f788ad3b-52b0-43f7-a85c-db9f2ad55063,TRL-7.5.1.15
f5d8df13-2072-4b17-be96-f226014f1a9d,TRL-7.5.2.01
2345a586-3ffb-41a5-8d64-465f5d7bd2b5,TRL-7.5.2.02
02b2b058-b3f3-49d4-a068-2659553c0e99,TRL-7.5.2.03
afcc71a9-0c00-4c39-91f7-00d97053e854,TRL-7.5.2.04
cd5d538e-c4eb-4e8d-89e3-49d320480a6a,TRL-7.5.2.05
6cefe691-f29b-4789-a7e8-73ca5875da40,TRL-7.5.2.06
1db89308-cbff-4af1-b5de-e9916cf18198,TRL-7.5.2.07
24fcf7a4-c6bb-4e0d-9942-1f88ef7115c0,TRL-7.5.2.08
d15e95fb-4268-45e6-b482-d76680cfb2b6,TRL-7.5.2.08
cc019d65-4fb6-47ad-ace9-3c9477c6a120,TRL-7.5.2.09
07c0857a-4c6c-47c2-8366-5b43334609d9,TRL-7.5.2.10
da458c29-7c86-4ff5-8fe7-9f1b3158d512,TRL-7.5.2.11
ce1382f8-d10f-43be-b686-a24b547b7efc,TRL-7.5.2.12
faa7393d-c68d-46c6-81f6-6f2e1fc1c5a9,TRL-7.5.2.13
c2a99f5b-5e71-4d0d-9347-24efe53504e1,TRL-7.5.2.14
3af3e11d-0d17-42a5-bb83-030caa5e0997,TRL-7.5.2.15
dc08fc42-8e3a-47e4-a65a-de0762f2e7a9,TRL-7.5.2.16
9df615dc-c859-4580-abd5-423f720ce719,TRL-7.5.2.17
c8e87482-6c7b-4f1c-b53c-b2e2eaa3c590,TRL-7.5.2.18
7188d970-ea35-4cb1-bbab-dd68e93d33fd,TRL-7.5.2.19
31552871-a320-4784-b855-1eca4cc24303,TRL-7.5.2.20
fc607421-4652-48a5-9848-a18155a71634,TRL-7.5.2.21
ebe70665-9593-4481-a1ae-7cfb369c764d,TRL-7.5.2.22
1be79c2d-51e8-4e91-b8f0-8efb51568367,TRL-7.5.2.23
f3caef79-9970-41e7-a263-6bff55d2283a,TRL-7.5.2.24
a32a2b9e-2b0b-4e3f-9496-17a9ab60887b,TRL-11.3.1.1
6d9cd4d1-d261-44a6-a364-12f5fd8e55ad,TRL-11.3.1.2
ec61b0bc-92f7-4443-84e6-5896f44b9277,TRL-11.3.1.3
a89d72cf-565b-41e9-ac99-07200c0f03a0,TRL-11.3.1.4
4492519b-7f9b-4215-9795-8348d7dc7525,TRL-11.3.2.1
ff4be037-e471-4df7-9b16-bef192e260b0,TRL-11.3.2.2
6905951c-825f-480a-a1a0-d73b340066e2,TRL-11.3.2.3
d7ad08da-6a5d-4989-8596-5ede901b16a8,TRL-11.3.2.4
d69a4948-5e92-4b93-a35b-dd736b0445ba,TRL-11.3.3.1
78e38c71-a035-471a-80b5-c5609abd0733,TRL-11.3.3.2
5d322900-3679-4f81-9cc6-efcddedc510f,TRL-11.3.3.3
68455fb3-ea41-48d7-b88d-7fc63ed63761,TRL-11.3.3.4
069546db-d22f-4517-bfad-c9b8d08e1a00,TRL-11.3.3.5
793b3bb8-c151-43cd-8dd9-918f62b6297e,TRL-11.4.1.01
20340781-036f-48c7-8c6a-d268b60a883a,TRL-11.4.1.02
e0cf714d-9aeb-44c9-ad43-9c8b2bb0d587,TRL-11.4.1.03
46cf16ca-2584-47c2-9926-0c7f7901f3be,TRL-11.4.1.04
8f089ed5-74b5-4618-9604-81c4c8f198e4,TRL-11.4.1.05
0c5a1939-0b99-49dd-8027-b9985c22fc55,TRL-11.4.1.06
364269ef-c1af-414c-b80c-6865f2e2345b,TRL-11.4.1.07
60137607-9252-4ff0-8605-8021cb0e0054,TRL-11.4.1.08
f8ffb58e-afd6-485e-8c97-c6bcc9c6d79c,TRL-11.4.1.09
efc96e45-0ec5-493b-92a5-e25c41e2f135,TRL-11.4.1.10
f793d2de-e436-46f6-b6a6-4d8a63b6881f,TRL-11.4.1.11
ed4337ab-0eee-48d9-b7c5-02b7f39ee5dc,TRL-11.4.1.12
d87ccebc-d36e-4323-9622-5a6eb77604c3,TRL-11.4.1.13
e76da87d-0c22-4e59-b161-4119b1d87deb,TRL-11.4.1.14
12ac942b-9b13-4080-a276-e0ca73243ea8,TRL-11.4.1.14
32a1daa1-6ff5-46a4-a0a2-ae94ef3a92fa,TRL-11.4.1.14
26174d19-1d4f-4dcb-9920-4c1692c18fe0,TRL-11.4.1.14
985937f1-9b19-4e48-af3c-715a4a867144,TRL-11.5.03
4ab6c30c-b531-4439-b67e-204fa4da7a12,TRL-11.5.04
86708f49-5d0c-4d44-ad14-0781c8d29bd5,TRL-11.5.05
2fcc79d7-9ea6-4717-a98e-aa7978b18886,TRL-11.5.06
f2068b25-a57d-4986-b5eb-1b14bc16e1c3,TRL-11.5.1
0528aa42-ecd3-4f94-8aeb-78f5f24ee4d4,TRL-11.5.2
52cae6d4-e76e-453c-8472-444c143d000f,TRL-11.5.2
232ed45f-d274-4be0-8fe5-fd17ba3ef0f3,TRL-11.5.2
66f85347-9e93-4737-925e-eee38d6bccd1,TRL-12.1.1.1
e43bdf6a-6626-45ef-9d08-45faa0d5219f,TRL-12.1.1.10
5f0632e5-e2a2-421c-b182-52e1680d3555,TRL-12.1.1.11
3101b467-c289-455c-aabd-51f1952b3b3f,TRL-12.1.1.12
cd3631b4-ff33-47db-b379-a68295453521,TRL-12.1.1.13
1da7d605-46c9-42e9-b735-8fca37b3f388,TRL-12.1.1.14
7e92d892-dc12-49b5-a8b2-01239b39c94e,TRL-12.1.1.15
83884148-3628-4fab-be22-f617ac775948,TRL-12.1.1.16
0fccedaa-3d94-4cca-a3c2-1a5d9bffe685,TRL-12.1.1.17
edcfebd7-f698-48f9-b56a-dde2df5953ac,TRL-12.1.1.18
0084e59e-fa20-4409-bea8-ea13fda60627,TRL-12.1.1.19
109e651e-2769-4800-8e23-bbdef3b7e00e,TRL-12.1.1.2
60601c5e-89e7-4e3d-9943-77e76fec8056,TRL-12.1.1.20
dcc8bf7f-840e-41a1-bc13-d9e45e67e683,TRL-12.1.1.21
50b09a5f-f1af-4249-8dec-79fc4b80517f,TRL-12.1.1.22
dfeaf7c0-5e73-4f56-b2c6-f537f7447c7b,TRL-12.1.1.23
2580cecc-14f0-445c-8950-399ee32229a8,TRL-12.1.1.24
773b9fd0-e819-42a4-b7e1-748f913d333a,TRL-12.1.1.25
f614820a-e559-4fd3-bc3d-a1fc09068226,TRL-12.1.1.26
d267b74d-608c-45c4-9bee-3c9ebed712fa,TRL-12.1.1.27
8972340c-65e9-4a90-8f6d-16cb3f56a948,TRL-12.1.1.28
e1d00009-97a7-43aa-b332-faa55e07f687,TRL-12.1.1.3
fd624def-5260-466d-bd54-e408fd832d19,TRL-12.1.1.4
22cfe871-b6a9-439c-a9bf-2c648f69340c,TRL-12.1.1.5
fb50fe37-c614-4cbe-9149-1ad8f851e423,TRL-12.1.1.6
93024a5a-e615-4be4-883e-3766a7450dac,TRL-12.1.1.7
0e10407d-06d7-4c31-a2e6-48481a0f0265,TRL-12.1.1.8
a6d16ab1-1194-4957-91e3-b2450fda497b,TRL-12.1.1.9
592c4af3-d48d-4e38-9e35-5a6cc27eba70,TRL-12.1.2.1
7774d6fc-2c5b-4812-86a9-d7d6ab82f9c8,TRL-12.1.2.10
70089205-3f54-46d0-b401-e91975312a3d,TRL-12.1.2.11
ce066f6c-661f-4ae9-bcdb-b937b74b636e,TRL-12.1.2.12
e4586d27-3263-4c94-a6cc-c6179785ecb9,TRL-12.1.2.13
13afb536-9d2b-4e87-a979-4dc12c4bbd68,TRL-12.1.2.14
b8e82ceb-9a06-46bd-86d5-55fcd5f86b3a,TRL-12.1.2.15
99d50823-2cd4-48f2-994d-3f6dc7a4988a,TRL-12.1.2.16
fd1c45c1-8f9b-488b-b49e-158abd20e596,TRL-12.1.2.17
2c043345-fb44-4716-91d7-d1b21ff38797,TRL-12.1.2.18
74a9a543-ef2a-49f5-a008-4b1c422b2fb4,TRL-12.1.2.19
cc5e1fc7-3dd1-418b-8198-99d084c195e8,TRL-12.1.2.2
18dda66a-ec64-46f1-8d19-7c5c2812ec1f,TRL-12.1.2.20
fd9b596e-733a-4570-8a23-122e4abbd61c,TRL-12.1.2.21
d5bec6c9-ded2-4d28-ac6e-53e57d1f6e74,TRL-12.1.2.22
213743af-d171-4630-8fb8-756766440451,TRL-12.1.2.23
4399490d-2a3a-4956-a219-d515e3d08c5c,TRL-12.1.2.24
a2f6ab8b-07f1-4f79-90c9-2179529eeb8a,TRL-12.1.2.25
2eb29efa-bd57-4b1d-8092-5d09921b873b,TRL-12.1.2.26
b669796b-377f-47ae-8201-987d288a2e00,TRL-12.1.2.3
c6717c4f-d613-4908-96e7-2a44dfaa0ba8,TRL-12.1.2.4
2ee65922-5686-4ba6-b7df-a3194fd52cb3,TRL-12.1.2.5
98aa9751-e8b8-494a-abde-45b25635d420,TRL-12.1.2.6
f65d3872-7b1b-4034-b61f-6fc5e7b6d901,TRL-12.1.2.7
1a052af1-d802-4e8e-9c39-88d2fecdbaca,TRL-12.1.2.8
0dee6b2a-002e-4ee0-9171-28f4b745230c,TRL-12.1.2.9
eceb9e21-2b86-4db1-a747-911142cc0253,TRL-12.2.1.1
a33c8c34-793d-4bdd-94e2-263bc4cb5965,TRL-12.2.1.10
25d0629a-79db-4bbf-9491-1814d2d5f550,TRL-12.2.1.11
f0fe648f-f104-4eac-92e6-877a4fdb02d8,TRL-12.2.1.12
40f424cf-801f-4d53-9ab5-c46c7d9444bd,TRL-12.2.1.13
63365124-2510-4c07-bef0-102b9889e91d,TRL-12.2.1.14
0d483a2e-c517-4524-80b6-9ece118b5e79,TRL-12.2.1.2
ec36eaf7-12c4-40f3-a544-76c9c67767cf,TRL-12.2.1.24
7a48e147-759b-4386-9f59-6bc9daa5e5ef,TRL-12.2.1.3
4333dd17-0e00-49ba-9c0b-6aeb2717863a,TRL-12.2.1.4
dd51f7db-a505-4d9f-892b-65dadb8f98d5,TRL-12.2.1.5
026b5952-f52f-431f-878c-050ef393db7b,TRL-12.2.1.6
2729f6c9-1986-4477-8c7c-aaeb5fe6339c,TRL-12.2.1.7
a547ddb1-fd97-4366-8a47-ff62e7b9e648,TRL-12.2.1.8
e7563d78-f8b2-4f16-8f4b-c6445b7060b6,TRL-12.2.1.9
3108261f-f69b-4647-a263-0f5b6eaab007,TRL-12.2.2.1
632ed3c8-0044-4b4a-a430-39dfbff9baf7,TRL-12.2.2.10
ee77585c-e05d-4fe5-8f94-b3cbe8eeea87,TRL-12.2.2.11
e4059b7c-6548-4097-a895-f970624d9cc5,TRL-12.2.2.12
4c9e0f6c-e588-44a9-a2c1-15e3b16b8608,TRL-12.2.2.13
3910af12-ca09-4fdd-a92c-38d51e35d109,TRL-12.2.2.14
18686def-9310-4520-96a8-4ff681dfaaea,TRL-12.2.2.15
adbdd76e-0eca-40ef-9288-646666623735,TRL-12.2.2.16
35b237e3-e5ea-4d93-acaf-5a25f0e2b8de,TRL-12.2.2.17
e3e0b42f-d568-4aac-b40d-495632da5980,TRL-12.2.2.18
b4d63884-90f5-42f5-8ae6-488f634b509f,TRL-12.2.2.18
c0761ed1-2e7b-4b5d-9121-769b1dcf0531,TRL-12.2.2.18
67888f2e-d9aa-4ab1-9c0e-865f2153dcae,TRL-12.2.2.18
875e8eb4-93c4-476f-9154-9bf49fe7c8f2,TRL-12.2.2.19
71fa0627-ed37-49cb-9cec-5a05846430ff,TRL-12.2.2.2
3fd54ca8-bbda-4639-b808-eef5f1d36a0a,TRL-12.2.2.20
31378cd6-3a34-4a87-b823-3dddb2d33e6b,TRL-12.2.2.21
da6a1823-1cbb-4e4d-8c03-9f034d58b529,TRL-12.2.2.21
3b868fa6-170b-412b-8982-66e4d7786109,TRL-12.2.2.21
eb24a927-35cb-4c14-ad41-35e00c327f9d,TRL-12.2.2.21
aa16d8ae-4bd1-4cdc-b343-f158b8bbe1ad,TRL-12.2.2.3
95745a9b-b820-4242-a8a2-c943a9998b3c,TRL-12.2.2.3
45a3e778-0d88-4380-b9fa-d27a2fa38e69,TRL-12.2.2.4
89ce5526-918d-4366-9085-e4395a6b0fa6,TRL-12.2.2.5
d1bf83e3-7e88-4054-ac57-5ce072d57ca8,TRL-12.2.2.6
0f3abf84-2c2f-43b7-866e-ffb8b76496fa,TRL-12.2.2.6
e81c2b2a-a978-4e7b-8d51-57d9ae39746a,TRL-12.2.2.7
ab6bf54b-9831-4b33-8c71-ef88afd3cd32,TRL-12.2.2.8
0d7c61ea-2163-466b-bc97-e4fc4e9da4dc,TRL-12.2.2.8
879fc043-3e46-4c81-afa8-f45bcae077d1,TRL-12.2.2.8
59494b3b-de54-4fa4-a147-16045238536f,TRL-12.2.2.8
addc19ec-cc21-4e7c-bd70-2828fe352553,TRL-12.2.2.9
debaaf3d-d573-4d0d-ad8f-bfdc76e201b9,TRL-12.3.1.1
767645a5-0a9b-4c71-bcfa-5d93d9ea11c3,TRL-12.3.1.10
248870ba-0563-49b4-b068-31ab1989eb9f,TRL-12.3.1.11
bec85bc8-4de1-42c2-9b4f-12397a2416ba,TRL-12.3.1.12
76d98bfc-f8ec-435c-97ab-a7ed8e05139d,TRL-12.3.1.13
706d486a-8c53-4379-8fae-ee5ed8c6c8a5,TRL-12.3.1.14
29508758-9c6c-4840-a03f-5d9c0824c17e,TRL-12.3.1.2
5dd1ef37-76a9-43af-8a00-433c915fd291,TRL-12.3.1.3
c00e936e-8c09-4ab4-aeca-c26c5b68b8a4,TRL-12.3.1.4
590402cc-a586-4c15-98e8-b96825c782c3,TRL-12.3.1.5
05cbdec0-4345-41fa-a5e1-51eac8ac3fcf,TRL-12.3.1.6
992ed5c7-3f12-4f0a-b366-f7c1c2bc261f,TRL-12.3.1.7
0bde1ac6-d307-4126-b99d-9259452a24fb,TRL-12.3.1.8
17c9cb4e-b9be-4983-932a-cd0dfd4aa715,TRL-12.3.1.9
2916491c-e85c-45e7-89bf-cedc9089897f,TRL-12.4.1.1
dcc67e3a-e047-40a8-a6ad-f23b7aa623ae,TRL-12.4.1.10
2ccb53b2-5e80-4ffc-ae60-b87e9516957c,TRL-12.4.1.11
39579623-5207-4790-ad64-acfee6299a3f,TRL-12.4.1.12
ae7dfb65-0e45-48c3-9d16-3d70776c2286,TRL-12.4.1.13
1977855f-1921-4680-9c94-dbd0439f6bc2,TRL-12.4.1.2
1e36be37-73d1-4b5e-a837-22b22320d4b7,TRL-12.4.1.3
952b269f-8539-4670-96cd-c019fc9bccb5,TRL-12.4.1.4
60f34a06-70f5-4c23-94dc-39c44555e933,TRL-12.4.1.4
b4db9057-74bb-43aa-b464-116a954fd757,TRL-12.4.1.4
492ed11a-df21-49e2-aae4-34eec136cf41,TRL-12.4.1.5
cb2bd082-d113-4c18-a94a-b22d3fc2827e,TRL-12.4.1.6
468385b9-05c5-4442-98af-a105788c154d,TRL-12.4.1.7
c2159154-0373-4a97-aa12-4259c6d536eb,TRL-12.4.1.8
e2e107b3-5090-4f03-ac4a-c5c1bb0cd560,TRL-12.4.1.9
cf0ca340-f064-43b3-a7cc-97006154b750,TRL-12.4.2.1
9df23d4f-4f8c-4853-aab2-618b61c3bf71,TRL-12.4.2.10
f93e6e39-aab4-425a-8d5c-d2cf9c25d2fa,TRL-12.4.2.11
3b3f1049-d79e-4bd8-9c2e-26e666fb8590,TRL-12.4.2.11
f80e125d-92cb-4fb4-8390-fe3b5beb248b,TRL-12.4.2.11
a8a23f3c-00a4-4f5d-8ac6-7b213602e671,TRL-12.4.2.11
4e9d8348-5c48-4a52-9b62-a9e581783804,TRL-12.4.2.11
e8a2a509-af55-4354-9b12-cf40123a7702,TRL-12.4.2.11
8a83c029-2d8a-43eb-9802-caf90ba36d26,TRL-12.4.2.11
b6b420e2-ce17-4d61-b9b2-d4fce1b8e88b,TRL-12.4.2.11
52392def-b67f-4cc7-af42-67cc26964c09,TRL-12.4.2.12
4b93d74f-81f4-43e3-85b0-da3cd76897f9,TRL-12.4.2.13
7558c435-9230-4de0-9728-4b2dc51663ea,TRL-12.4.2.14
8cba10b7-f62f-4043-87bf-bd682abe840d,TRL-12.4.2.2
72c3204f-14da-4b16-98ae-f4b943d51de9,TRL-12.4.2.3
1bbdfded-8295-4ce3-bb66-3effad8282c9,TRL-12.4.2.4
42b227d1-7d21-46de-a6b5-a4022689ed8c,TRL-12.4.2.5
df54d5cc-9649-43c9-8fd5-cc5e6ce3e841,TRL-12.4.2.6
ee2ec087-1218-4a46-8608-68908ae7c1f8,TRL-12.4.2.7
17654d48-8063-4a8f-ba17-dce3d906d72e,TRL-12.4.2.8
da9a8349-357b-4ba8-a121-051ff7cefc40,TRL-12.4.2.9
22eac53a-2d63-4f15-84e7-dec74b51e9c5,TRL-12.5-L01
d146cbf5-efba-49b4-8274-42f22f4ae6a9,TRL-12.5-L02
a09d093e-bf13-4b66-97b9-aba191d6195d,TRL-12.5-L03
22a57453-2ee5-4fbb-81cd-fa4930e20c29,TRL-12.5-L04
00f77f89-1b93-4659-8c18-af2f678a0e11,TRL-12.5-L05
958bacbd-c036-49d4-be30-7280922f8348,TRL-12.5-L06
b5298fe1-ed70-4bed-9e3d-111469c717c6,TRL-12.5-L07
a984d2d2-1107-43e4-b0b7-4e8c65fa2bf0,TRL-12.5-L08
62f21b6e-d7ed-4064-b51d-d9bccfef737f,TRL-12.5-L09
a4822872-7392-4d0c-9eb5-6a7cc4679536,TRL-12.5-R01
cd9ef3ec-f6b8-45d6-8444-50aa6855aade,TRL-12.5-R02
148a1e75-806f-4bfd-a5e2-39215b12cd9a,TRL-12.5-R03
90dd38b5-2ae8-4c3d-80af-d9d3bdb1f62f,TRL-12.5-R04
28054160-bad1-4652-aaeb-2b55bc1ec7b7,TRL-12.5.1.1
85ae0176-d45b-4c05-a22a-f62533bebec3,TRL-12.5.1.2
868af1a3-63ad-4b2d-ae7c-ed705fbb1d88,TRL-12.5.1.3
2d0c818b-d315-478a-9bb5-4ac901c94dc1,TRL-12.5.1.4
bdc2abff-1d60-46b9-bf55-0dfe4bc30c31,TRK-9207-A09
0fe92662-7340-4b39-9f20-ffcdb786c67c,TRK-9207-A09
324d5e5b-8fa9-4f86-b9af-81c907c2bd8b,TRK-9207-A09
2dcdb915-832a-48be-85e7-5f3bd41050f0,TRK-9207-A09
aa561cf2-5972-4dda-9ff8-e05784581072,TRK-9207-A09
5d4567c6-56ad-4662-87a5-743dda34d685,TRK-9207-A09
28d1a02d-6b28-4ef7-bdf2-7c45a65ce622,TRL-33.02.08
e636a30b-eb0e-49f9-94ee-d5774c0b6aee,TRL-33.02.08
6527f845-aa6e-469a-9825-b72daf6e5964,TRL-33.02.08
1fef82df-430e-4788-b48a-586fb199a587,TRL-33.02.08
75086d2e-d6e0-4264-ac6e-1f704e8a9008,TRL-33.02.08
808c61f2-3ca6-4f6e-a7b8-1ff907524c47,TRL-33.1.02
6b0b8386-8070-4f13-8f4b-420beb291a25,TRL-33.1.03
49a4c98c-5f25-4614-8f21-62dea412cbab,TRL-33.2.01
ca1ffc22-99d8-44a6-845f-8ac8ad0dc7b9,TRL-33.2.02
b4cdfe4e-b57a-4e66-be28-156bf61956fa,TRL-33.2.03
1b3f67a7-a40e-46ee-a413-0c11ae98cec0,TRL-33.2.04
c28071f7-5954-4e11-b4fd-277b88ff7a6e,TRL-33.2.05
958008ea-f572-49e1-9a46-f1d49d5c1c85,TRL-33.2.06
d2e9896d-0dad-4a21-826f-6b6c903cd26d,TRL-33.2.07
60019b73-d5df-4137-a828-8e1a90d1849a,TRL-33.2.11
2bd5480b-0694-41ef-8131-31c5f8302af9,TRL-33.2.12
8461dd36-cd0c-4d82-a34d-fe0b50a65c07,TRL-33.3.01
10f25d24-4eec-4945-8907-d755f2b9476a,TRL-33.3.02
821e3287-2558-4a02-8113-6506fa0ecfaf,TRL-33.3.02
1171ffd5-9f89-48c7-a27b-b5b79642d761,TRL-33.3.02
3061c00a-5411-4cb6-bd19-9d688aabcd9e,TRL-33.3.02
b80887a2-a254-4e34-8142-ec46e72f4eb8,TRL-33.3.02
5cbecc0f-b65c-4771-9d84-f8c9d08c8005,TRL-33.3.02
81be0888-a8ed-4863-a657-1297dabaf63d,TRL-33.3.02
165b222d-eb2d-4cfa-987e-c67d584c69b9,TRL-33.3.02
5fa6998b-6c50-43ac-a45f-c98bbc862f0b,TRL-33.3.02
e796ac97-c38e-4f77-b6c2-4d62f40ef005,TRL-33.3.02
5d9c7b43-cd37-42aa-b719-da966e21e95e,TRL-33.3.02
c92b134b-e247-4e3f-b24c-dea73a10372c,TRL-33.3.02
a707f401-0f10-48d1-a536-2113b9986636,TRL-33.3.02
ba9c5f3e-bc8a-4f01-b5aa-d2f19b947c20,TRL-33.3.02
0011f7fc-3d70-42ea-9995-1f3b6dfb5c68,TRL-33.3.03
8fa575e6-0082-46ed-a0d4-010acfff0540,TRL-33.3.04
92309ffb-43b0-4ded-a5d3-90285e0419d2,TRL-33.3.04
929ad36b-f155-4e0c-9c00-7f884ec46a13,TRL-33.3.04
0ed535d1-4773-4a0f-8aa9-3eb32d98d53b,TRL-33.3.04
9fa46f15-921d-49ad-9126-efe3a1738da9,TRL-33.3.04
635141ff-8391-49ba-8ac8-81cffecba0b0,TRL-33.3.05
3288f130-6df8-46de-bb5b-e4678cae5a06,TRL-33.3.05
aab67bc0-36ca-4b81-ae92-41e8c8fa733c,TRL-33.3.05
f133ac7e-c5b8-4192-8095-0a660d885992,TRL-33.3.05
523607e4-3e63-4ff5-9403-c4eeb9c6af13,TRL-33.3.05
e8cd9e66-7bfe-4cb5-b222-3fb673566a0a,TRL-33.3.05
2793d8d8-8893-4cbc-bf58-df287bb21f95,TRL-33.3.05
2ccf2eb4-e626-41fc-8171-e03b8c564cd4,TRL-33.3.05
359c4a99-9443-4585-a6a5-5a1958265135,TRL-33.3.05
f4f0cd2d-e608-4133-bef4-9ecdf51a70ee,TRL-33.3.05
cdfe395e-54df-4627-b82e-6879d69b5418,TRL-33.3.05
3fd27345-0217-47b7-bfa8-bd2dd46b014d,TRL-33.3.05
ed2093b1-daa2-4bb9-9ab5-9b1501e5bb26,TRL-33.3.05
2a5ef18b-74b2-483d-a36d-9067305fe479,TRL-33.3.18
48531269-3d97-4cdf-873a-f2b6eac652b7,TRL-33.3.19
4d80ff1e-798d-4062-91c1-3632dc15b03a,TRL-33.3.20
e27f82c7-c2ef-4445-a11b-7afd517bf6d4,TRL-33.3.21
f2879228-73df-499b-bff8-50de19b501ce,TRL-33.3.22
2fa0041a-0cb6-465c-9bca-196554473b37,TRL-33.3.23
05d4d525-3a87-4062-b766-05ecf31b50cc,TRL-33.3.23
4b5bc519-75da-447c-bc00-818d74957da6,TRL-33.4.01
e392ed3c-ef29-4d01-b28f-fbb6648cff06,TRL-33.4.01
c0a4a349-92cd-42f1-9120-8ea6a4d85d82,TRL-33.4.01
134f296f-4782-48cc-8a12-dff30466a406,TRL-33.4.01
5b57211e-ad70-4424-8d60-9dd6fb3425e2,TRL-33.4.02
7d3f1f99-5617-40fd-b017-1aed4e305483,TRL-33.4.03
e5a00cd6-ecbb-4bd0-862d-46eb88dc4ac1,TRL-33.4.03
e70cb387-75f9-4605-a1af-db0235021c64,TRL-33.4.03
f3c3ba70-c8d0-4caa-8b51-19bc66f92af6,TRL-33.4.03
8310c533-756a-477a-a7e3-4d898955387b,TRL-33.4.03
59a6d1fa-99fc-4ea2-b57a-12127eed32ba,TRL-33.4.03
d63f1797-974e-4aaa-8438-284633b7b091,TRL-33.4.04
42f4632a-8663-4950-bb35-f0e022a93453,TRL-33.4.05
8211c2c3-ce40-44f2-93e1-3377051b624c,TRL-33.4.06
4d63757d-932a-4a92-beb8-66785bd11e9d,TRL-33.4.07
96403f6c-d16b-4ac8-ab34-1b1618402177,TRL-33.4.08
5bdfd81a-9e90-44bf-b590-ec46b3ac8c4f,TRL-33.4.08
2ec2a1f8-c426-4d99-bdbf-58f0e8eca8dc,TRL-33.4.08
a0d6f993-2149-401f-a00f-b25de78d93aa,TRL-33.4.08
6abbf635-8b4c-4b5d-a479-986b7f6cd793,TRL-33.4.08
0f0d1008-5eec-4022-bf6f-9614d1d775bc,TRL-33.4.08
863b0123-ca6f-4410-813b-92d335970ced,TRL-33.4.08
abcbe42c-f13b-4630-92ae-b8b20cd3ff98,TRL-33.4.08
e5279d88-df3b-42fa-acd8-4c4c44cb7e75,TRL-33.4.08
b36b08e1-2b5f-45db-b4b1-965d87b3c02a,TRL-33.4.09
529735cb-064d-4fc7-bf47-bb34d908f781,TRL-33.4.10
0d803eda-36c9-4e5f-b732-893c73f214d7,TRL-33.4.11
cf50d0d4-b0f1-446c-96e1-3f170b2c4ef6,TRL-33.4.11
6c0cf5d4-78a7-4d02-890c-1871ff3cf714,TRL-33.4.11
59e768a0-483a-4d41-b4be-014e7be195ed,TRL-33.4.11
27d9b619-d0e9-4dda-8214-c375adafaa93,TRL-33.4.11
18eeb5b6-e73d-4717-85da-7a6f9260761c,TRL-33.4.11
2e35b143-a203-4a32-8225-bbd2e406e137,TRL-33.4.12
a7c1098b-b1c8-4827-bfe4-c83ba9a7c273,TRL-33.5.01
a37245b9-79df-4894-976f-b3ea4c95bac9,TRL-33.5.01
9406c691-6eff-434c-96a9-3d3b64c8554b,TRL-33.5.01
e8ef627a-acfa-4b07-b299-ef5f286c1fdf,TRL-33.5.01
fddc0dd4-0d10-456a-81dc-cf08a007bada,TRL-33.5.02
4f79fba9-b395-40d8-9f52-2f5a29b61980,TRL-33.5.03
f5d8552f-f94f-442c-a675-8f5dda8e5d02,TRL-33.5.04
d67c5c3c-a3b1-4cf8-87f8-48f78831d4fe,TRL-33.5.05
25887840-b949-4e60-9706-5222a0849fe0,TRL-33.5.05
184d977d-4718-4bb3-a765-3f57219fe674,TRL-33.5.05
cd7ac989-485a-42a6-b81d-b0011889768a,TRL-33.5.05
1f0d23e1-4f94-4b16-9909-73bdf1a92742,TRL-33.5.05
43c65acc-ec57-49a6-8a9b-be838c90363b,TRL-33.5.05
8887eb4c-8a9f-47de-a84f-13090795ec40,TRL-33.5.06
e4facc17-1b44-4170-bfd8-ffdb999fedd8,TRL-33.5.06
5c4f9689-f559-4c5b-816a-448a3f664ac9,TRL-33.5.06
4a06d504-8179-48b6-a221-ee60981f0250,TRL-33.5.06
e4a0f5a4-f618-4c49-9739-0cfb70cd0e2e,TRL-33.5.06
1a5f27a7-700f-42e7-947c-78a74bc365a7,TRL-33.5.06
146be94f-3b0d-4f51-a219-44f29b68ae8b,TRL-33.5.06
dcb36cb0-f5df-469f-aaf8-3090b9bf72fc,TRL-33.5.06
6dbdd041-9449-440c-bf9f-c11423a6dcd1,TRL-33.5.06
12cbc326-f398-4bac-adf1-476f51212948,TRL-33.5.06
2480eae2-5a33-4adf-923d-78a5e61a365f,TRL-33.5.07
a8992780-4457-4188-950a-9a395dc7a457,TRL-33.5.08
7ebc52aa-6098-47ec-b116-84b08224a030,TRL-33.5.09
2dab98bf-4122-4927-9d18-5e82516f5f26,TRL-33.5.09
3b0952ea-85db-4fd2-8af9-95d8890e1e04,TRL-33.5.09
3bcb2f9d-ace9-40ca-89f1-84b401e87319,TRL-33.5.09
8106b23d-0876-42dd-a72b-3e045199c8ab,TRL-33.5.09
8a061774-0a49-4c7a-8c7c-66495f3802c9,TRL-33.5.09
a585ab63-5470-4173-8706-fb10e97d62c5,TRL-33.5.09
1cc3a46c-f51f-4214-8ea1-9ff266fdc805,TRL-33.5.09
6c9f6eb1-e981-473d-b3de-44d42eea1701,TRL-33.5.10
f3cdd0b0-6181-4cdb-80a1-77a0f27298de,TRL-33.5.11
81dd247c-e5ab-430c-803b-86f756b75301,TRL-33.5.12
3abf9a66-3c62-419c-bc6d-18dcee6e9488,TRL-33.5.12
c07c0d18-c8ef-43c0-aa60-89e99b50fed7,TRL-33.5.12
651f2584-ba6b-4e1d-a9cc-bf848e693f7d,TRL-33.5.12
1bc16325-9b99-44e4-9556-4ab311b19499,TRL-33.5.12
1f9a1afa-0ae2-4e1b-84d0-f4ca47bb411c,TRL-33.5.12
6383cbf1-81e1-49e2-b810-cf96ff8e791d,TRL-33.5.12
03399d90-bf87-4a4a-a1e5-dae90a1fd576,TRL-33.5.12
02f26627-a449-4435-b25a-47a1871fbd65,TRL-33.6.01
9ad7949f-4ea1-4c7a-a84b-7aa8e228210a,TRL-33.6.02
b1d3b9ff-1928-453d-a248-42b4b74ffea8,TRL-33.6.03
854b8fc3-fbdd-4cab-8156-70015b639929,TRL-33.6.03
e5d57029-3673-4210-bd06-8d61f7341354,TRL-33.6.03
b3f83711-2155-4df7-8ae9-384df4db53db,TRL-33.6.03
27fd3bdf-e8ea-46d5-895b-a2d1fca65d1a,TRL-33.6.03
ca3c9d52-a577-4ecb-8f6f-5f7ddfb8525f,TRL-33.6.03
fb7bc257-65bd-47f0-9dfd-16975a0544ec,TRL-33.6.04
a9413a9c-ea80-4e41-8644-b67d3f476add,TRL-33.6.04
a96e78cb-6514-46e0-9795-aacef26c7774,TRL-33.6.04
9d17f502-841c-445c-847b-25f6dfcd0350,TRL-33.6.04
7fcf5e1d-a543-4e3b-9f0f-a2955267aec5,TRL-33.6.04
55783de1-f298-49df-8129-597e7caf70d9,TRL-33.6.05
49c7a7f5-7487-4372-bbe9-7e96a686169f,TRL-33.6.05
589855d5-adef-4c15-8923-e7c570c49078,TRL-33.6.05
c480a8ec-89b3-4b0e-a329-ee50611a828c,TRL-33.6.05
a26141ea-9d60-4a8e-a6e4-18f690621bf2,TRL-33.6.05
2cc64f1e-ac5b-4a37-973b-d33cbc96aae2,TRL-33.6.05
0378652f-5857-43ee-b561-4f5e0a8746c9,TRL-33.6.05
3104adba-a788-4f1c-89ee-49a9dffd36c6,TRL-33.6.05
f627a840-8d95-43e4-bcd6-a04488ea65ce,TRL-33.6.05
be2844d0-7539-481c-aca0-413ee8eb6614,TRL-33.6.06
3c9ec6d4-b024-46ba-a710-62a5354ebae6,TRL-33.6.06
8c9a44ce-acda-45c9-a710-4d6bfd01a68b,TRL-33.6.06
b0f2d06e-6090-4fc6-8ae4-314509c89cd1,TRL-33.6.06
9f2dddd9-ee5f-41e3-939b-49763720ce65,TRL-33.6.07
900f1c31-18e6-44dd-a70e-138000f8523e,TRL-33.6.07
69244b3a-011b-4fc9-9cad-0a4febd231bc,TRL-33.6.07
548c6a33-d056-44b9-9cd8-183d653202b8,TRL-33.6.08
92f33b01-f622-4c2e-b578-06cd4ac3c55f,TRL-33.6.08
5db2ba38-5835-463b-bf9d-1498c6ef3469,TRL-33.6.08
cad05b5b-822f-4a82-a938-40e1cdff2537,TRL-33.6.08
44fa936d-4417-486e-a0dc-2ff84eb8e332,TRL-33.7.01
220e640d-be22-4abb-8333-1851a28cb2f9,TRL-33.7.01
9ff18a82-723e-49da-aaba-04b24d11cc15,TRL-33.7.02
e29bae66-d162-45ef-b5dc-2f767af26a49,TRL-33.7.02
481b40d4-72d0-41ed-a0ba-6d160ce32d93,TRL-33.7.02
d46fb063-7c8b-424f-b4c0-55f995f097c3,TRL-33.7.02
6e5a3734-ca46-4f12-919f-0a00e9fc00be,TRL-33.7.02
e1619035-288d-4824-b42b-385cf0da836c,TRL-33.7.02
47b44078-a7e3-41c4-8512-2820ec00557e,TRL-33.7.02
3efaa297-7514-431b-a018-bf9d4524ef77,TRL-33.7.02
d29089e2-9c02-4c89-a9ea-640cbf2c82dd,TRL-33.7.02
aabd3834-6fc4-409d-98a8-af1d3e3737ab,TRL-33.7.02